name,type,parent_module,full_path,links_out,links_in,lines
errors.py,module,,context_m/errors.py,0,8,16
ContextMError,class,errors.py,context_m/errors.py,1,7,2
StoreError,class,errors.py,context_m/errors.py,1,0,2
ExtractionError,class,errors.py,context_m/errors.py,1,0,2
SecurityError,class,errors.py,context_m/errors.py,1,1,2
VerificationError,class,errors.py,context_m/errors.py,1,4,2
BranchError,class,errors.py,context_m/errors.py,1,5,2
MigrationError,class,errors.py,context_m/errors.py,1,5,2
CodecError,class,errors.py,context_m/errors.py,1,6,2
cli.py,module,,context_m/cli.py,6,3,273
main,function,cli.py,context_m/cli.py,15,13,243
cost_report,function,cli.py,context_m/cli.py,3,1,23
_memory,function,cli.py,context_m/cli.py,2,6,7
_,function,cli.py,context_m/cli.py,0,0,0
config.py,module,,context_m/config.py,0,13,338
Config,class,config.py,context_m/config.py,9,12,333
_env_bool,function,config.py,context_m/config.py,0,9,5
metrics.py,module,,context_m/metrics.py,1,10,32
llm_calls,function,metrics.py,context_m/metrics.py,0,0,2
bump_llm_call,function,metrics.py,context_m/metrics.py,0,0,6
bump_ingest,function,metrics.py,context_m/metrics.py,0,0,8
bump_retrieval,function,metrics.py,context_m/metrics.py,0,0,6
counters,function,metrics.py,context_m/metrics.py,0,0,2
reset_counters,function,metrics.py,context_m/metrics.py,0,0,8
__init__.py,module,,context_m/__init__.py,19,4,15
__getattr__,function,__init__.py,context_m/__init__.py,1,0,12
_,function,__init__.py,context_m/__init__.py,0,0,0
_lazy_memory,function,__init__.py,context_m/__init__.py,0,1,3
util.py,module,,context_m/util.py,0,37,99
normalize,function,util.py,context_m/util.py,1,9,7
similarity,function,util.py,context_m/util.py,3,8,22
h64,function,util.py,context_m/util.py,0,15,4
utc_now,function,util.py,context_m/util.py,0,0,2
iso,function,util.py,context_m/util.py,0,33,2
parse_ts,function,util.py,context_m/util.py,0,18,18
new_id,function,util.py,context_m/util.py,0,9,2
words,function,util.py,context_m/util.py,0,27,2
token_estimate,function,util.py,context_m/util.py,0,8,4
levenshtein,function,util.py,context_m/util.py,0,6,20
month_number,function,util.py,context_m/util.py,0,1,4
month_name,function,util.py,context_m/util.py,0,8,2
days_in,function,util.py,context_m/util.py,0,0,4
fmt_date,function,util.py,context_m/util.py,0,0,2
fmt_month,function,util.py,context_m/util.py,0,0,2
clamp,function,util.py,context_m/util.py,0,0,2
accel.py,module,,context_m/accel.py,1,1,295
h64,function,accel.py,context_m/accel.py,4,0,4
recommend_codec,function,accel.py,context_m/accel.py,1,1,10
tier_status,function,accel.py,context_m/accel.py,2,0,5
dot,function,accel.py,context_m/accel.py,4,10,8
batch_dot,function,accel.py,context_m/accel.py,4,4,16
SimdKernels,class,accel.py,context_m/accel.py,19,1,66
dot_i8_f32,function,accel.py,context_m/accel.py,2,3,10
cosine,function,accel.py,context_m/accel.py,3,3,16
l2_sq,function,accel.py,context_m/accel.py,2,3,10
batch_dot_i8,function,accel.py,context_m/accel.py,2,4,12
topk,function,accel.py,context_m/accel.py,1,3,15
argmax,function,accel.py,context_m/accel.py,2,4,13
_,function,accel.py,context_m/accel.py,0,0,0
rust_status,function,accel.py,context_m/accel.py,0,0,2
RustVSA,class,accel.py,context_m/accel.py,0,0,43
QuadrantANN,class,accel.py,context_m/accel.py,0,0,43
detect_tier,function,accel.py,context_m/accel.py,0,2,19
_as_f32,function,accel.py,context_m/accel.py,0,7,3
cortexm.py,module,,context_m/cortexm.py,1,0,0
_,function,cortexm.py,context_m/cortexm.py,0,0,0
server.py,module,,context_m/mcp/server.py,11,3,619
MCPServer,class,server.py,context_m/mcp/server.py,16,1,597
_,function,server.py,context_m/mcp/server.py,2,0,0
serve,function,server.py,context_m/mcp/server.py,4,7,22
cose.py,module,,context_m/provenance/cose.py,1,3,109
sign_commit,function,cose.py,context_m/provenance/cose.py,1,0,42
verify_commit,function,cose.py,context_m/provenance/cose.py,2,0,36
_,function,cose.py,context_m/provenance/cose.py,7,0,0
envelope_from_dict,function,cose.py,context_m/provenance/cose.py,1,0,3
_b64url,function,cose.py,context_m/provenance/cose.py,0,6,2
_b64url_decode,function,cose.py,context_m/provenance/cose.py,0,1,3
CoseSign1Envelope,class,cose.py,context_m/provenance/cose.py,0,2,23
vc.py,module,,context_m/provenance/vc.py,2,2,149
export_memory_range_vc,function,vc.py,context_m/provenance/vc.py,2,0,52
verify_vc,function,vc.py,context_m/provenance/vc.py,1,0,31
_,function,vc.py,context_m/provenance/vc.py,3,0,0
VerifiableCredential,class,vc.py,context_m/provenance/vc.py,0,1,30
_merkle_root,function,vc.py,context_m/provenance/vc.py,0,2,26
_jcs_canonical,function,vc.py,context_m/provenance/vc.py,0,2,10
scitt.py,module,,context_m/provenance/scitt.py,3,1,189
_ScittLog,class,scitt.py,context_m/provenance/scitt.py,7,2,89
_merkle_level,function,scitt.py,context_m/provenance/scitt.py,1,2,10
_verify_inclusion,function,scitt.py,context_m/provenance/scitt.py,2,1,10
_merkle_root,function,scitt.py,context_m/provenance/scitt.py,1,0,8
_inclusion_path,function,scitt.py,context_m/provenance/scitt.py,1,1,26
verify_receipt,function,scitt.py,context_m/provenance/scitt.py,1,2,12
_,function,scitt.py,context_m/provenance/scitt.py,1,0,0
reset_scitt_log,function,scitt.py,context_m/provenance/scitt.py,1,0,4
submit_to_scitt,function,scitt.py,context_m/provenance/scitt.py,1,0,4
ScittReceipt,class,scitt.py,context_m/provenance/scitt.py,0,1,9
ScittStatement,class,scitt.py,context_m/provenance/scitt.py,0,1,5
_h,function,scitt.py,context_m/provenance/scitt.py,0,4,9
get_scitt_service_did,function,scitt.py,context_m/provenance/scitt.py,0,0,3
agent.py,module,,context_m/provenance/agent.py,0,4,173
Ed25519AgentKey,class,agent.py,context_m/provenance/agent.py,2,2,139
_did_key_from_pubkey,function,agent.py,context_m/provenance/agent.py,1,2,9
get_default_agent,function,agent.py,context_m/provenance/agent.py,1,4,6
_base58btc_encode,function,agent.py,context_m/provenance/agent.py,0,1,15
set_default_agent,function,agent.py,context_m/provenance/agent.py,0,0,4
importers.py,module,,context_m/migrate/importers.py,3,1,166
_iter_mem0_rows,function,importers.py,context_m/migrate/importers.py,2,1,51
_iter_zep_rows,function,importers.py,context_m/migrate/importers.py,1,1,17
_iter_chroma_rows,function,importers.py,context_m/migrate/importers.py,2,1,35
import_zep,function,importers.py,context_m/migrate/importers.py,3,0,23
import_mem0,function,importers.py,context_m/migrate/importers.py,3,0,22
import_chroma,function,importers.py,context_m/migrate/importers.py,1,0,18
_,function,importers.py,context_m/migrate/importers.py,0,0,0
chaos.py,module,,context_m/api/chaos.py,4,1,56
_get_cache,function,chaos.py,context_m/api/chaos.py,3,1,10
_,function,chaos.py,context_m/api/chaos.py,1,0,0
chaos_ingest,function,chaos.py,context_m/api/chaos.py,1,2,46
memory.py,module,,context_m/api/memory.py,25,8,593
Memory,class,memory.py,context_m/api/memory.py,55,13,593
_,function,memory.py,context_m/api/memory.py,1,0,0
fuzzy.py,module,,context_m/text/fuzzy.py,1,1,172
_,function,fuzzy.py,context_m/text/fuzzy.py,1,0,0
similarity,function,fuzzy.py,context_m/text/fuzzy.py,1,0,6
fuzzy_contains,function,fuzzy.py,context_m/text/fuzzy.py,2,0,9
bitap_levenshtein,function,fuzzy.py,context_m/text/fuzzy.py,1,2,59
_levenshtein_substring,function,fuzzy.py,context_m/text/fuzzy.py,1,1,21
levenshtein,function,fuzzy.py,context_m/text/fuzzy.py,2,0,16
best_match,function,fuzzy.py,context_m/text/fuzzy.py,2,0,28
_levenshtein_full,function,fuzzy.py,context_m/text/fuzzy.py,0,3,18
ngram_jaccard,function,fuzzy.py,context_m/text/fuzzy.py,0,1,15
embedder.py,module,,context_m/text/embedder.py,3,5,119
HashingEmbedder,class,embedder.py,context_m/text/embedder.py,10,9,110
_,function,embedder.py,context_m/text/embedder.py,1,0,0
EmbeddingProvider,class,embedder.py,context_m/text/embedder.py,1,0,6
_h64,function,embedder.py,context_m/text/embedder.py,0,2,3
tokenizer.py,module,,context_m/text/tokenizer.py,1,8,45
content_words,function,tokenizer.py,context_m/text/tokenizer.py,1,6,2
words,function,tokenizer.py,context_m/text/tokenizer.py,0,0,2
sentences,function,tokenizer.py,context_m/text/tokenizer.py,0,1,28
strip_punct,function,tokenizer.py,context_m/text/tokenizer.py,0,0,2
cap_sequences,function,tokenizer.py,context_m/text/tokenizer.py,0,2,11
idiolect.py,module,,context_m/text/idiolect.py,2,3,227
PerUserIdiolectNormalizer,class,idiolect.py,context_m/text/idiolect.py,1,3,227
_,function,idiolect.py,context_m/text/idiolect.py,0,0,0
dissim.py,module,,context_m/text/dissim.py,0,3,192
DisSimSplitter,class,dissim.py,context_m/text/dissim.py,8,3,173
SimplifiedClause,class,dissim.py,context_m/text/dissim.py,0,7,7
_split_sentences,function,dissim.py,context_m/text/dissim.py,0,1,12
labse.py,module,,context_m/text/labse.py,1,1,304
_,function,labse.py,context_m/text/labse.py,2,0,0
PolyglotEncoder,class,labse.py,context_m/text/labse.py,3,2,216
_script_of,function,labse.py,context_m/text/labse.py,2,0,20
encode,function,labse.py,context_m/text/labse.py,2,5,9
_script_of_uncached,function,labse.py,context_m/text/labse.py,0,1,59
role_vectors.py,module,,context_m/vsa/role_vectors.py,0,1,180
_,function,role_vectors.py,context_m/vsa/role_vectors.py,1,0,0
EngineeredRoleVectors,class,role_vectors.py,context_m/vsa/role_vectors.py,1,4,180
attribution.py,module,,context_m/vsa/attribution.py,0,1,103
ProtoDashAttributer,class,attribution.py,context_m/vsa/attribution.py,0,1,68
sentence_level_score,function,attribution.py,context_m/vsa/attribution.py,0,0,29
tag_retrieval_path,function,attribution.py,context_m/vsa/attribution.py,0,0,6
cleanup.py,module,,context_m/vsa/cleanup.py,0,1,129
HopfieldCleanup,class,cleanup.py,context_m/vsa/cleanup.py,0,1,129
palace.py,module,,context_m/vsa/palace.py,10,3,408
MemoryPalace,class,palace.py,context_m/vsa/palace.py,8,3,408
_,function,palace.py,context_m/vsa/palace.py,0,0,0
hologram_overlay.py,module,,context_m/vsa/hologram_overlay.py,2,2,100
_,function,hologram_overlay.py,context_m/vsa/hologram_overlay.py,2,0,0
HolographicFactOverlay,class,hologram_overlay.py,context_m/vsa/hologram_overlay.py,7,0,92
_norm,function,hologram_overlay.py,context_m/vsa/hologram_overlay.py,0,15,3
_hash_vec,function,hologram_overlay.py,context_m/vsa/hologram_overlay.py,0,3,5
tlsh_trie.py,module,,context_m/vsa/tlsh_trie.py,0,0,113
TernaryTrie,class,tlsh_trie.py,context_m/vsa/tlsh_trie.py,5,0,94
_TrieNode,class,tlsh_trie.py,context_m/vsa/tlsh_trie.py,0,2,9
_heap_key,function,tlsh_trie.py,context_m/vsa/tlsh_trie.py,0,1,3
_unpack_bits,function,tlsh_trie.py,context_m/vsa/tlsh_trie.py,0,2,7
slb.py,module,,context_m/vsa/slb.py,0,2,64
SemanticLookasideBuffer,class,slb.py,context_m/vsa/slb.py,0,2,64
working_memory.py,module,,context_m/vsa/working_memory.py,0,1,164
HolographicWM,class,working_memory.py,context_m/vsa/working_memory.py,1,3,39
build_holographic_wm,function,working_memory.py,context_m/vsa/working_memory.py,3,1,58
_vec_to_b64,function,working_memory.py,context_m/vsa/working_memory.py,0,1,3
_vec_from_b64,function,working_memory.py,context_m/vsa/working_memory.py,0,1,3
extract_from_hologram,function,working_memory.py,context_m/vsa/working_memory.py,0,1,42
_build_preamble,function,working_memory.py,context_m/vsa/working_memory.py,0,1,19
codecs.py,module,,context_m/vsa/codecs.py,2,3,359
BinaryCodec,class,codecs.py,context_m/vsa/codecs.py,4,2,92
RaBitQCodec,class,codecs.py,context_m/vsa/codecs.py,2,1,68
Int8Codec,class,codecs.py,context_m/vsa/codecs.py,2,1,63
PQCodec,class,codecs.py,context_m/vsa/codecs.py,5,1,100
make_codec,function,codecs.py,context_m/vsa/codecs.py,5,3,11
_,function,codecs.py,context_m/vsa/codecs.py,0,0,0
_norm,function,codecs.py,context_m/vsa/codecs.py,0,0,3
BaseCodec,class,codecs.py,context_m/vsa/codecs.py,0,4,14
_tmr_majority,function,codecs.py,context_m/vsa/codecs.py,0,2,8
index.py,module,,context_m/vsa/index.py,1,2,146
TreeIndex,class,index.py,context_m/vsa/index.py,2,2,108
_,function,index.py,context_m/vsa/index.py,0,0,0
_Node,class,index.py,context_m/vsa/index.py,0,1,11
_kmeans,function,index.py,context_m/vsa/index.py,0,1,27
ops.py,module,,context_m/vsa/ops.py,2,4,122
VSA,class,ops.py,context_m/vsa/ops.py,9,6,119
_,function,ops.py,context_m/vsa/ops.py,0,0,0
_norm,function,ops.py,context_m/vsa/ops.py,0,0,3
zk.py,module,,context_m/features/zk.py,2,1,80
ZKProver,class,zk.py,context_m/features/zk.py,9,3,80
_,function,zk.py,context_m/features/zk.py,0,0,0
git.py,module,,context_m/features/git.py,4,1,184
MemoryGit,class,git.py,context_m/features/git.py,4,3,184
_,function,git.py,context_m/features/git.py,0,0,0
prefetch.py,module,,context_m/features/prefetch.py,0,1,76
Prefetcher,class,prefetch.py,context_m/features/prefetch.py,0,1,76
rest.py,module,,context_m/server/rest.py,12,1,787
build_handler,function,rest.py,context_m/server/rest.py,16,1,563
serve,function,rest.py,context_m/server/rest.py,4,0,17
main,function,rest.py,context_m/server/rest.py,6,0,82
TieredTokenBuckets,class,rest.py,context_m/server/rest.py,1,1,34
FabricState,class,rest.py,context_m/server/rest.py,1,1,20
_,function,rest.py,context_m/server/rest.py,0,0,0
TokenBucket,class,rest.py,context_m/server/rest.py,0,1,38
_tier_for_path,function,rest.py,context_m/server/rest.py,0,1,14
openapi_spec,function,rest.py,context_m/server/rest.py,0,1,19
PromRegistry,class,metrics.py,context_m/metrics.py,2,2,62
_label_key,function,metrics.py,context_m/metrics.py,2,2,5
_,function,metrics.py,context_m/metrics.py,2,0,0
_esc,function,metrics.py,context_m/metrics.py,0,2,2
sparql.py,module,,context_m/server/sparql.py,7,1,837
main,function,sparql.py,context_m/server/sparql.py,4,0,33
make_handler,function,sparql.py,context_m/server/sparql.py,4,1,157
_,function,sparql.py,context_m/server/sparql.py,2,0,0
parse_sparql,function,sparql.py,context_m/server/sparql.py,5,1,160
_parse_triples,function,sparql.py,context_m/server/sparql.py,2,1,35
execute_sparql,function,sparql.py,context_m/server/sparql.py,8,2,140
SparqlServer,class,sparql.py,context_m/server/sparql.py,1,2,78
_parse_tail,function,sparql.py,context_m/server/sparql.py,0,1,25
_tokenize_where,function,sparql.py,context_m/server/sparql.py,0,1,50
_parse_filter,function,sparql.py,context_m/server/sparql.py,0,2,38
_merge_filter_tokens,function,sparql.py,context_m/server/sparql.py,0,2,17
match_triple,function,sparql.py,context_m/server/sparql.py,0,3,32
apply_filters,function,sparql.py,context_m/server/sparql.py,0,1,52
is_edge_predicate,function,sparql.py,context_m/server/sparql.py,0,3,3
edge_triples,function,sparql.py,context_m/server/sparql.py,0,2,17
governance.py,module,,context_m/enterprise/governance.py,2,1,204
Governance,class,governance.py,context_m/enterprise/governance.py,3,2,189
_,function,governance.py,context_m/enterprise/governance.py,0,0,0
sqlite_backup,function,governance.py,context_m/enterprise/governance.py,0,1,9
_file_digest,function,governance.py,context_m/enterprise/governance.py,0,2,6
audit.py,module,,context_m/enterprise/audit.py,1,1,139
AuditLog,class,audit.py,context_m/enterprise/audit.py,2,2,125
_,function,audit.py,context_m/enterprise/audit.py,0,0,0
_now_iso,function,audit.py,context_m/enterprise/audit.py,0,1,2
AuditContext,class,audit.py,context_m/enterprise/audit.py,0,0,12
run.py,module,,context_m/bench/run.py,3,1,108
run_buckets,function,run.py,context_m/bench/run.py,2,1,33
main,function,run.py,context_m/bench/run.py,4,0,51
_,function,run.py,context_m/bench/run.py,0,0,0
_setup_determinism,function,run.py,context_m/bench/run.py,0,1,24
ood.py,module,,context_m/bench/ood.py,8,1,363
run_ood_eval,function,ood.py,context_m/bench/ood.py,4,0,84
export_judge_items,function,ood.py,context_m/bench/ood.py,2,0,25
describe_expected,function,ood.py,context_m/bench/ood.py,1,1,19
_mn,function,ood.py,context_m/bench/ood.py,2,6,2
export_manifest,function,ood.py,context_m/bench/ood.py,18,1,143
build_ood_corpus,function,ood.py,context_m/bench/ood.py,5,0,26
extraction_recall,function,ood.py,context_m/bench/ood.py,5,0,49
_,function,ood.py,context_m/bench/ood.py,0,0,0
_d,function,ood.py,context_m/bench/ood.py,0,15,2
OODResult,class,ood.py,context_m/bench/ood.py,0,1,13
harness.py,module,,context_m/bench/harness.py,6,1,164
run_bucket,function,harness.py,context_m/bench/harness.py,7,1,114
_,function,harness.py,context_m/bench/harness.py,0,0,0
BucketResult,class,harness.py,context_m/bench/harness.py,0,1,17
format_report,function,harness.py,context_m/bench/harness.py,0,1,33
generator.py,module,,context_m/bench/generator.py,2,3,259
_month,function,generator.py,context_m/bench/generator.py,1,12,2
generate,function,generator.py,context_m/bench/generator.py,10,1,56
make_persona,function,generator.py,context_m/bench/generator.py,12,2,49
persona_messages,function,generator.py,context_m/bench/generator.py,12,2,116
_,function,generator.py,context_m/bench/generator.py,0,0,0
Persona,class,generator.py,context_m/bench/generator.py,0,1,18
_d,function,generator.py,context_m/bench/generator.py,0,0,2
distractor_paragraph,function,generator.py,context_m/bench/generator.py,0,3,7
smalltalk_message,function,generator.py,context_m/bench/generator.py,0,3,2
Corpus,class,generator.py,context_m/bench/generator.py,0,2,7
baselines.py,module,,context_m/bench/baselines.py,2,1,67
BM25Index,class,baselines.py,context_m/bench/baselines.py,2,1,42
_,function,baselines.py,context_m/bench/baselines.py,0,0,0
bm25_context,function,baselines.py,context_m/bench/baselines.py,0,1,4
vector_only_context,function,baselines.py,context_m/bench/baselines.py,0,1,21
micro.py,module,,context_m/bench/micro.py,7,1,211
latency_and_recall,function,micro.py,context_m/bench/micro.py,3,1,62
codec_ablation,function,micro.py,context_m/bench/micro.py,3,1,58
self_healing,function,micro.py,context_m/bench/micro.py,3,1,40
_synthetic_corpus,function,micro.py,context_m/bench/micro.py,2,1,17
slb_replay,function,micro.py,context_m/bench/micro.py,2,1,20
run_micro,function,micro.py,context_m/bench/micro.py,5,2,14
_,function,micro.py,context_m/bench/micro.py,0,0,0
beam_loader.py,module,,context_m/bench/beam_loader.py,0,0,251
_,function,beam_loader.py,context_m/bench/beam_loader.py,1,0,0
load_beam_rows,function,beam_loader.py,context_m/bench/beam_loader.py,2,1,52
beam_rows_to_personas,function,beam_loader.py,context_m/bench/beam_loader.py,2,0,47
_fetch_rows,function,beam_loader.py,context_m/bench/beam_loader.py,0,1,11
_load_parquet,function,beam_loader.py,context_m/bench/beam_loader.py,0,1,29
parse_user_facts,function,beam_loader.py,context_m/bench/beam_loader.py,0,1,73
parse_chat_turns,function,beam_loader.py,context_m/bench/beam_loader.py,0,1,39
abilities.py,module,,context_m/bench/abilities.py,3,2,255
build_probes,function,abilities.py,context_m/bench/abilities.py,25,3,138
_norm,function,abilities.py,context_m/bench/abilities.py,1,0,2
_content_words,function,abilities.py,context_m/bench/abilities.py,3,2,3
_fuzzy_event_present,function,abilities.py,context_m/bench/abilities.py,10,1,14
_contains,function,abilities.py,context_m/bench/abilities.py,2,7,3
judge,function,abilities.py,context_m/bench/abilities.py,10,2,75
_,function,abilities.py,context_m/bench/abilities.py,0,0,0
Probe,class,abilities.py,context_m/bench/abilities.py,0,18,6
_current,function,abilities.py,context_m/bench/abilities.py,0,3,4
_prior,function,abilities.py,context_m/bench/abilities.py,0,2,3
parse_fact_lines,function,abilities.py,context_m/bench/abilities.py,0,1,7
messy.py,module,,context_m/bench/messy.py,1,0,113
messify_messages,function,messy.py,context_m/bench/messy.py,2,0,20
make_messy_persona,function,messy.py,context_m/bench/messy.py,1,0,4
_,function,messy.py,context_m/bench/messy.py,1,0,0
MessyCorpus,class,messy.py,context_m/bench/messy.py,0,0,7
_messify_text,function,messy.py,context_m/bench/messy.py,0,2,77
messify_persona_dict,function,messy.py,context_m/bench/messy.py,0,0,5
zk_hamming.py,module,,context_m/security/zk_hamming.py,0,1,89
HammingZKProver,class,zk_hamming.py,context_m/security/zk_hamming.py,2,2,62
checksum_prove_and_verify,function,zk_hamming.py,context_m/security/zk_hamming.py,1,0,12
HammingZKProof,class,zk_hamming.py,context_m/security/zk_hamming.py,0,1,7
_hamming_weight,function,zk_hamming.py,context_m/security/zk_hamming.py,0,1,3
_hamming_distance,function,zk_hamming.py,context_m/security/zk_hamming.py,0,0,5
sandbox.py,module,,context_m/security/sandbox.py,2,1,100
ScopeSandbox,class,sandbox.py,context_m/security/sandbox.py,3,1,91
_,function,sandbox.py,context_m/security/sandbox.py,0,0,0
PromotionRefused,class,sandbox.py,context_m/security/sandbox.py,1,0,9
crypto.py,module,,context_m/security/crypto.py,0,1,118
AESGCMCipher,class,crypto.py,context_m/security/crypto.py,7,1,76
_coerce_key,function,crypto.py,context_m/security/crypto.py,1,2,18
generate_master_key,function,crypto.py,context_m/security/crypto.py,1,1,7
load_master_key,function,crypto.py,context_m/security/crypto.py,2,2,11
CryptoUnavailable,class,crypto.py,context_m/security/crypto.py,1,2,2
_b64e,function,crypto.py,context_m/security/crypto.py,0,4,2
_b64d,function,crypto.py,context_m/security/crypto.py,0,3,2
pii.py,module,,context_m/security/pii.py,1,4,199
PIIVault,class,pii.py,context_m/security/pii.py,1,2,85
_,function,pii.py,context_m/security/pii.py,1,0,0
scan,function,pii.py,context_m/security/pii.py,1,8,33
PIIGuard,class,pii.py,context_m/security/pii.py,2,2,36
redact_inplace,function,pii.py,context_m/security/pii.py,1,0,6
_luhn_ok,function,pii.py,context_m/security/pii.py,0,1,11
_iban_ok,function,pii.py,context_m/security/pii.py,0,0,10
_ssn_ok,function,pii.py,context_m/security/pii.py,0,0,6
Span,class,pii.py,context_m/security/pii.py,0,1,6
PIIResult,class,pii.py,context_m/security/pii.py,0,1,6
injection.py,module,,context_m/security/injection.py,0,3,72
scan,function,injection.py,context_m/security/injection.py,3,0,15
contagion_scan,function,injection.py,context_m/security/injection.py,7,2,43
InjectionVerdict,class,injection.py,context_m/security/injection.py,0,5,5
_token_set,function,injection.py,context_m/security/injection.py,0,2,2
_sentences,function,injection.py,context_m/security/injection.py,0,2,2
jaccard,function,injection.py,context_m/security/injection.py,0,1,5
rbac.py,module,,context_m/security/rbac.py,1,3,107
APIKeyStore,class,rbac.py,context_m/security/rbac.py,1,2,86
authorize,function,rbac.py,context_m/security/rbac.py,3,2,11
_,function,rbac.py,context_m/security/rbac.py,0,0,0
RBACError,class,rbac.py,context_m/security/rbac.py,1,3,8
constant_time_eq,function,rbac.py,context_m/security/rbac.py,0,0,2
mind.py,module,,context_m/security/mind.py,2,1,76
retrieval_diversity,function,mind.py,context_m/security/mind.py,2,2,23
_,function,mind.py,context_m/security/mind.py,4,0,0
mind_check,function,mind.py,context_m/security/mind.py,2,2,16
MINDVerdict,class,mind.py,context_m/security/mind.py,0,2,15
_cosine_matrix,function,mind.py,context_m/security/mind.py,0,1,8
augment_provenance,function,mind.py,context_m/security/mind.py,0,1,14
zk_sql.py,module,,context_m/security/zk_sql.py,4,1,416
ZkSqlProver,class,zk_sql.py,context_m/security/zk_sql.py,7,1,369
_,function,zk_sql.py,context_m/security/zk_sql.py,0,0,0
CircuitGate,class,zk_sql.py,context_m/security/zk_sql.py,0,0,12
ZkSqlProof,class,zk_sql.py,context_m/security/zk_sql.py,0,1,35
hashes.py,module,,context_m/security/hashes.py,0,8,100
HashProvider,class,hashes.py,context_m/security/hashes.py,1,6,35
merkle_root,function,hashes.py,context_m/security/hashes.py,1,1,9
merkle_proof,function,hashes.py,context_m/security/hashes.py,1,1,15
merkle_verify,function,hashes.py,context_m/security/hashes.py,2,2,8
verify_attest,function,hashes.py,context_m/security/hashes.py,1,2,2
has_blake3,function,hashes.py,context_m/security/hashes.py,0,0,2
_warn_downgrade,function,hashes.py,context_m/security/hashes.py,0,1,20
_h_pair,function,hashes.py,context_m/security/hashes.py,0,4,7
attest,function,hashes.py,context_m/security/hashes.py,0,5,2
tmt.py,module,,context_m/trace/tmt.py,3,6,259
tmt_build,function,tmt.py,context_m/trace/tmt.py,14,1,185
_,function,tmt.py,context_m/trace/tmt.py,0,0,0
_now,function,tmt.py,context_m/trace/tmt.py,0,31,2
_summarize_session_facts,function,tmt.py,context_m/trace/tmt.py,0,1,19
_summarize_day_facts,function,tmt.py,context_m/trace/tmt.py,0,1,13
_summarize_persona_facts,function,tmt.py,context_m/trace/tmt.py,0,1,33
_session_key,function,tmt.py,context_m/trace/tmt.py,0,1,3
_day_key,function,tmt.py,context_m/trace/tmt.py,0,2,4
fade.py,module,,context_m/trace/fade.py,5,1,172
fade_retention_score,function,fade.py,context_m/trace/fade.py,2,1,29
fade_sweep,function,fade.py,context_m/trace/fade.py,9,2,123
_,function,fade.py,context_m/trace/fade.py,1,0,0
_now,function,fade.py,context_m/trace/fade.py,0,0,2
fade_report,function,fade.py,context_m/trace/fade.py,0,0,18
rebuild.py,module,,context_m/trace/rebuild.py,1,0,126
TraceRebuilder,class,rebuild.py,context_m/trace/rebuild.py,4,0,111
_,function,rebuild.py,context_m/trace/rebuild.py,0,0,0
RebuildReport,class,rebuild.py,context_m/trace/rebuild.py,0,2,15
blob_arena.py,module,,context_m/trace/blob_arena.py,0,3,209
_,function,blob_arena.py,context_m/trace/blob_arena.py,1,0,0
BlobArena,class,blob_arena.py,context_m/trace/blob_arena.py,0,2,147
migrate_chunks_to_arena,function,blob_arena.py,context_m/trace/blob_arena.py,0,1,46
get_chunk_text,function,blob_arena.py,context_m/trace/blob_arena.py,0,3,16
edges.py,module,,context_m/trace/edges.py,0,5,89
is_causal,function,edges.py,context_m/trace/edges.py,0,0,3
is_truth_maintenance,function,edges.py,context_m/trace/edges.py,0,0,3
is_semantic_ref,function,edges.py,context_m/trace/edges.py,0,0,3
direction_convention,function,edges.py,context_m/trace/edges.py,0,0,14
wire_causal_edge,function,edges.py,context_m/trace/edges.py,0,2,15
wire_refers_to,function,edges.py,context_m/trace/edges.py,0,0,14
find_causal_chain,function,edges.py,context_m/trace/edges.py,0,0,37
lifecycle.py,module,,context_m/trace/lifecycle.py,4,4,84
assess,function,lifecycle.py,context_m/trace/lifecycle.py,15,2,43
retention_score,function,lifecycle.py,context_m/trace/lifecycle.py,1,3,9
consolidate,function,lifecycle.py,context_m/trace/lifecycle.py,1,5,25
_,function,lifecycle.py,context_m/trace/lifecycle.py,0,0,0
LifecycleDecision,class,lifecycle.py,context_m/trace/lifecycle.py,0,7,7
contradictions.py,module,,context_m/trace/contradictions.py,3,2,43
find_conflicts,function,contradictions.py,context_m/trace/contradictions.py,7,1,33
_,function,contradictions.py,context_m/trace/contradictions.py,0,0,0
Action,class,contradictions.py,context_m/trace/contradictions.py,2,10,6
Conflict,class,contradictions.py,context_m/trace/contradictions.py,0,6,4
store.py,module,,context_m/trace/store.py,4,14,597
TraceStore,class,store.py,context_m/trace/store.py,16,4,492
SafeConnection,class,store.py,context_m/trace/store.py,2,1,64
_,function,store.py,context_m/trace/store.py,0,0,0
_SafeCursor,class,store.py,context_m/trace/store.py,0,2,41
structural.py,module,,context_m/trace/structural.py,0,1,129
structural_query,function,structural.py,context_m/trace/structural.py,4,4,103
multi_hop_chain,function,structural.py,context_m/trace/structural.py,1,1,7
_,function,structural.py,context_m/trace/structural.py,1,0,0
Hop,class,structural.py,context_m/trace/structural.py,0,3,10
StructuralQueryResult,class,structural.py,context_m/trace/structural.py,0,1,9
fact.py,module,,context_m/trace/fact.py,1,16,71
make_fact,function,fact.py,context_m/trace/fact.py,2,6,5
_,function,fact.py,context_m/trace/fact.py,4,0,0
Fact,class,fact.py,context_m/trace/fact.py,1,6,66
dedup.py,module,,context_m/trace/dedup.py,0,0,86
DedupAuditor,class,dedup.py,context_m/trace/dedup.py,1,0,72
CompressionReport,class,dedup.py,context_m/trace/dedup.py,0,1,14
consolidate.py,module,,context_m/trace/consolidate.py,6,1,288
consolidate,function,consolidate.py,context_m/trace/consolidate.py,26,0,253
_,function,consolidate.py,context_m/trace/consolidate.py,1,0,0
_now,function,consolidate.py,context_m/trace/consolidate.py,0,0,2
consolidation_report,function,consolidate.py,context_m/trace/consolidate.py,0,0,33
rules.py,module,,context_m/trace/rules.py,3,1,128
RuleEngine,class,rules.py,context_m/trace/rules.py,3,1,99
parse_rule,function,rules.py,context_m/trace/rules.py,3,4,10
_,function,rules.py,context_m/trace/rules.py,4,0,0
_mk_atom,function,rules.py,context_m/trace/rules.py,0,2,8
Rule,class,rules.py,context_m/trace/rules.py,0,1,11
fallback.py,module,,context_m/bridge/fallback.py,2,1,224
TinyTransformerFallback,class,fallback.py,context_m/bridge/fallback.py,8,1,142
_slot,function,fallback.py,context_m/bridge/fallback.py,1,2,2
_HashedTables,class,fallback.py,context_m/bridge/fallback.py,2,1,54
get_default,function,fallback.py,context_m/bridge/fallback.py,1,1,5
_,function,fallback.py,context_m/bridge/fallback.py,0,0,0
_expand_to_32,function,fallback.py,context_m/bridge/fallback.py,0,1,4
FallbackCandidate,class,fallback.py,context_m/bridge/fallback.py,0,1,8
_softmax_last_dim,function,fallback.py,context_m/bridge/fallback.py,0,1,5
_softmax_1d,function,fallback.py,context_m/bridge/fallback.py,0,1,4
enrich.py,module,,context_m/bridge/enrich.py,5,1,198
_default_extractor,function,enrich.py,context_m/bridge/enrich.py,2,1,2
find_eligible_chunks,function,enrich.py,context_m/bridge/enrich.py,4,1,33
enrich,function,enrich.py,context_m/bridge/enrich.py,8,5,75
_safe_relation,function,enrich.py,context_m/bridge/enrich.py,1,1,3
_,function,enrich.py,context_m/bridge/enrich.py,2,0,0
enrich_async,function,enrich.py,context_m/bridge/enrich.py,1,2,13
EnrichmentReport,class,enrich.py,context_m/bridge/enrich.py,0,1,15
NodeLLMExtractor,class,enrich.py,context_m/bridge/enrich.py,0,1,46
_parse_ts,function,enrich.py,context_m/bridge/enrich.py,0,2,11
rerank.py,module,,context_m/bridge/rerank.py,1,2,111
FactReranker,class,rerank.py,context_m/bridge/rerank.py,2,2,103
_,function,rerank.py,context_m/bridge/rerank.py,0,0,0
fact_nl,function,rerank.py,context_m/bridge/rerank.py,0,3,8
extractor.py,module,,context_m/bridge/extractor.py,8,4,225
Extractor,class,extractor.py,context_m/bridge/extractor.py,10,5,202
_bitap_trigger_match,function,extractor.py,context_m/bridge/extractor.py,3,1,21
sentence_dates,function,extractor.py,context_m/bridge/extractor.py,1,0,2
_,function,extractor.py,context_m/bridge/extractor.py,0,0,0
query_extract.py,module,,context_m/bridge/query_extract.py,3,1,384
RawChunk,class,query_extract.py,context_m/bridge/query_extract.py,1,0,16
QueryTimeExtractor,class,query_extract.py,context_m/bridge/query_extract.py,10,2,368
_,function,query_extract.py,context_m/bridge/query_extract.py,0,0,0
onnx_runtime.py,module,,context_m/bridge/onnx_runtime.py,0,0,75
_,function,onnx_runtime.py,context_m/bridge/onnx_runtime.py,2,0,0
deterministic_session,function,onnx_runtime.py,context_m/bridge/onnx_runtime.py,2,2,64
DeterministicConfig,class,onnx_runtime.py,context_m/bridge/onnx_runtime.py,0,2,11
patterns.py,module,,context_m/bridge/patterns.py,1,5,321
date_in,function,patterns.py,context_m/bridge/patterns.py,1,10,5
extract_events,function,patterns.py,context_m/bridge/patterns.py,2,1,33
_,function,patterns.py,context_m/bridge/patterns.py,79,0,0
_name,function,patterns.py,context_m/bridge/patterns.py,3,8,9
_called,function,patterns.py,context_m/bridge/patterns.py,2,0,5
_works,function,patterns.py,context_m/bridge/patterns.py,3,0,4
_joined,function,patterns.py,context_m/bridge/patterns.py,2,0,3
_at_org,function,patterns.py,context_m/bridge/patterns.py,2,0,3
_left,function,patterns.py,context_m/bridge/patterns.py,3,0,4
_no_longer,function,patterns.py,context_m/bridge/patterns.py,2,0,3
_no_longer_at,function,patterns.py,context_m/bridge/patterns.py,2,0,3
_role,function,patterns.py,context_m/bridge/patterns.py,2,0,5
_role_as,function,patterns.py,context_m/bridge/patterns.py,2,0,5
_role_my,function,patterns.py,context_m/bridge/patterns.py,2,0,3
_mgr,function,patterns.py,context_m/bridge/patterns.py,2,0,2
_i_report,function,patterns.py,context_m/bridge/patterns.py,2,0,2
_member,function,patterns.py,context_m/bridge/patterns.py,2,0,6
_joined_team,function,patterns.py,context_m/bridge/patterns.py,2,0,3
_lives,function,patterns.py,context_m/bridge/patterns.py,2,0,2
_im_in,function,patterns.py,context_m/bridge/patterns.py,2,0,5
_moved,function,patterns.py,context_m/bridge/patterns.py,2,0,3
_likes,function,patterns.py,context_m/bridge/patterns.py,2,0,5
_fan,function,patterns.py,context_m/bridge/patterns.py,2,0,2
_favorite,function,patterns.py,context_m/bridge/patterns.py,2,0,2
_dislikes,function,patterns.py,context_m/bridge/patterns.py,2,0,2
_prefers,function,patterns.py,context_m/bridge/patterns.py,3,0,6
_pref_change,function,patterns.py,context_m/bridge/patterns.py,2,0,2
_switched,function,patterns.py,context_m/bridge/patterns.py,2,0,2
_more_of,function,patterns.py,context_m/bridge/patterns.py,2,0,2
_skill,function,patterns.py,context_m/bridge/patterns.py,2,0,6
_skill_learn,function,patterns.py,context_m/bridge/patterns.py,2,0,3
_skill_prof,function,patterns.py,context_m/bridge/patterns.py,2,0,2
_studied,function,patterns.py,context_m/bridge/patterns.py,3,0,4
_majored,function,patterns.py,context_m/bridge/patterns.py,2,0,3
_speaks,function,patterns.py,context_m/bridge/patterns.py,2,0,5
_birthday,function,patterns.py,context_m/bridge/patterns.py,2,0,4
_family,function,patterns.py,context_m/bridge/patterns.py,2,0,3
_family2,function,patterns.py,context_m/bridge/patterns.py,2,0,3
_is_my,function,patterns.py,context_m/bridge/patterns.py,2,0,3
_pet,function,patterns.py,context_m/bridge/patterns.py,2,0,2
_hobby,function,patterns.py,context_m/bridge/patterns.py,2,0,3
_goal,function,patterns.py,context_m/bridge/patterns.py,2,0,3
_works_on,function,patterns.py,context_m/bridge/patterns.py,2,0,3
_building,function,patterns.py,context_m/bridge/patterns.py,2,0,2
_completed,function,patterns.py,context_m/bridge/patterns.py,2,0,3
_used_work,function,patterns.py,context_m/bridge/patterns.py,2,0,3
_used_live,function,patterns.py,context_m/bridge/patterns.py,2,0,3
_team_uses,function,patterns.py,context_m/bridge/patterns.py,3,0,3
_possessive,function,patterns.py,context_m/bridge/patterns.py,1,0,7
_role_at_org,function,patterns.py,context_m/bridge/patterns.py,4,0,10
_instruction,function,patterns.py,context_m/bridge/patterns.py,2,0,5
_from_now_on,function,patterns.py,context_m/bridge/patterns.py,2,0,2
_you_work,function,patterns.py,context_m/bridge/patterns.py,2,0,2
_you_live,function,patterns.py,context_m/bridge/patterns.py,2,0,2
_profile_name,function,patterns.py,context_m/bridge/patterns.py,2,0,5
_profile_age,function,patterns.py,context_m/bridge/patterns.py,2,0,4
_profile_gender,function,patterns.py,context_m/bridge/patterns.py,2,0,4
_profile_location,function,patterns.py,context_m/bridge/patterns.py,2,0,4
_profile_profession,function,patterns.py,context_m/bridge/patterns.py,2,0,4
_profile_relative,function,patterns.py,context_m/bridge/patterns.py,1,0,4
_profile_kinship_section,function,patterns.py,context_m/bridge/patterns.py,2,0,31
_age,function,patterns.py,context_m/bridge/patterns.py,1,0,2
Candidate,class,patterns.py,context_m/bridge/patterns.py,0,68,12
ExtractionContext,class,patterns.py,context_m/bridge/patterns.py,0,4,14
clean_value,function,patterns.py,context_m/bridge/patterns.py,0,69,6
pattern,function,patterns.py,context_m/bridge/patterns.py,0,60,8
_been_working,function,patterns.py,context_m/bridge/patterns.py,0,0,3
dates.py,module,,context_m/bridge/dates.py,1,3,119
_month_num,function,dates.py,context_m/bridge/dates.py,1,6,2
resolve_relative,function,dates.py,context_m/bridge/dates.py,14,1,49
find_dates,function,dates.py,context_m/bridge/dates.py,7,5,63
first_date,function,dates.py,context_m/bridge/dates.py,1,0,3
_,function,dates.py,context_m/bridge/dates.py,0,0,0
_mk,function,dates.py,context_m/bridge/dates.py,0,13,2
writer.py,module,,context_m/bridge/writer.py,18,2,456
MemoryWriter,class,writer.py,context_m/bridge/writer.py,38,3,433
_,function,writer.py,context_m/bridge/writer.py,0,0,0
_now,function,writer.py,context_m/bridge/writer.py,0,0,2
_normalize_messages,function,writer.py,context_m/bridge/writer.py,0,1,21
reader.py,module,,context_m/bridge/reader.py,16,1,1031
MemoryReader,class,reader.py,context_m/bridge/reader.py,32,3,990
_,function,reader.py,context_m/bridge/reader.py,0,0,0
_content_key,function,reader.py,context_m/bridge/reader.py,0,3,7
QueryPlan,class,reader.py,context_m/bridge/reader.py,0,1,8
RetrievalResult,class,reader.py,context_m/bridge/reader.py,0,3,26
ppr.py,module,,context_m/bridge/ppr.py,0,1,78
ppr_boost,function,ppr.py,context_m/bridge/ppr.py,2,1,26
build_fact_graph,function,ppr.py,context_m/bridge/ppr.py,0,1,22
personalized_pagerank,function,ppr.py,context_m/bridge/ppr.py,0,1,30
decoders.py,module,,context_m/bridge/decoders.py,0,2,152
Decoder,class,decoders.py,context_m/bridge/decoders.py,1,0,11
LLMPromptDecoder,class,decoders.py,context_m/bridge/decoders.py,0,0,31
RDFDecoder,class,decoders.py,context_m/bridge/decoders.py,0,0,38
DatalogDecoder,class,decoders.py,context_m/bridge/decoders.py,0,0,35
JSONDecoder,class,decoders.py,context_m/bridge/decoders.py,0,0,30
get_decoder,function,decoders.py,context_m/bridge/decoders.py,0,3,7
prefilter.py,module,,context_m/bridge/prefilter.py,2,1,127
_content_word_set,function,prefilter.py,context_m/bridge/prefilter.py,1,2,2
prefilter_triples,function,prefilter.py,context_m/bridge/prefilter.py,7,1,97
_,function,prefilter.py,context_m/bridge/prefilter.py,0,0,0
PrefilterStats,class,prefilter.py,context_m/bridge/prefilter.py,0,2,7
_jaccard,function,prefilter.py,context_m/bridge/prefilter.py,0,1,6
_default_fact_text,function,prefilter.py,context_m/bridge/prefilter.py,0,2,15
nsg.py,module,,context_m/index/nsg.py,0,1,332
_NsgNumpyFallback,class,nsg.py,context_m/index/nsg.py,3,1,227
NsgBackend,class,nsg.py,context_m/index/nsg.py,2,1,94
_sim_to_dist,function,nsg.py,context_m/index/nsg.py,0,3,8
nsg_status,function,nsg.py,context_m/index/nsg.py,0,0,3
engine.py,module,,context_m/cognition/engine.py,5,1,139
_,function,engine.py,context_m/cognition/engine.py,7,0,0
CognitionEngine,class,engine.py,context_m/cognition/engine.py,8,1,115
CognitionReport,class,engine.py,context_m/cognition/engine.py,0,1,11
run_cognition_pass,function,engine.py,context_m/cognition/engine.py,0,0,3
_count_by_kind,function,engine.py,context_m/cognition/engine.py,0,1,5
_count_gaps_by_basis,function,engine.py,context_m/cognition/engine.py,0,1,5
analogy.py,module,,context_m/cognition/analogy.py,4,2,104
AnalogyDetector,class,analogy.py,context_m/cognition/analogy.py,5,2,91
_,function,analogy.py,context_m/cognition/analogy.py,0,0,0
Analogy,class,analogy.py,context_m/cognition/analogy.py,0,1,7
AnalogyResult,class,analogy.py,context_m/cognition/analogy.py,0,1,4
_now,function,analogy.py,context_m/cognition/analogy.py,0,0,2
abstraction.py,module,,context_m/cognition/abstraction.py,4,3,136
AbstractionEngine,class,abstraction.py,context_m/cognition/abstraction.py,7,3,119
Abstraction,class,abstraction.py,context_m/cognition/abstraction.py,1,2,7
_,function,abstraction.py,context_m/cognition/abstraction.py,0,0,0
AbstractionResult,class,abstraction.py,context_m/cognition/abstraction.py,0,1,4
_now,function,abstraction.py,context_m/cognition/abstraction.py,0,0,3
_prov_json,function,abstraction.py,context_m/cognition/abstraction.py,0,1,3
gaps.py,module,,context_m/cognition/gaps.py,5,2,293
HypothesisEngine,class,gaps.py,context_m/cognition/gaps.py,7,2,164
GapDetector,class,gaps.py,context_m/cognition/gaps.py,3,2,102
_,function,gaps.py,context_m/cognition/gaps.py,0,0,0
Gap,class,gaps.py,context_m/cognition/gaps.py,0,2,7
Hypothesis,class,gaps.py,context_m/cognition/gaps.py,0,2,9
GapResult,class,gaps.py,context_m/cognition/gaps.py,0,1,4
HypothesisResult,class,gaps.py,context_m/cognition/gaps.py,0,1,4
_now,function,gaps.py,context_m/cognition/gaps.py,0,0,3
scanner.py,module,,context_m/cognition/scanner.py,1,5,165
ScanResult,class,scanner.py,context_m/cognition/scanner.py,1,1,8
PatternScanner,class,scanner.py,context_m/cognition/scanner.py,6,3,151
_,function,scanner.py,context_m/cognition/scanner.py,0,0,0
Pattern,class,scanner.py,context_m/cognition/scanner.py,0,5,6
transport.py,module,,context_m/federation/transport.py,1,1,144
_,function,transport.py,context_m/federation/transport.py,0,0,0
InMemoryMesh,class,transport.py,context_m/federation/transport.py,0,0,44
FileTransport,class,transport.py,context_m/federation/transport.py,0,0,100
fabric.py,module,,context_m/federation/fabric.py,4,2,60
apply_to_store,function,fabric.py,context_m/federation/fabric.py,1,1,35
export_to_crdt,function,fabric.py,context_m/federation/fabric.py,2,3,19
node_from_store,function,fabric.py,context_m/federation/fabric.py,1,2,4
_,function,fabric.py,context_m/federation/fabric.py,1,0,0
_fact_payload,function,fabric.py,context_m/federation/fabric.py,0,1,2
schema_report.py,module,,context_m/federation/schema_report.py,1,1,33
_,function,schema_report.py,context_m/federation/schema_report.py,0,0,0
export_schema_report,function,schema_report.py,context_m/federation/schema_report.py,0,0,18
merge_schema_reports,function,schema_report.py,context_m/federation/schema_report.py,0,0,15
hlc.py,module,,context_m/federation/hlc.py,0,4,62
HLC,class,hlc.py,context_m/federation/hlc.py,2,2,57
_pad,function,hlc.py,context_m/federation/hlc.py,0,1,2
parse_stamp,function,hlc.py,context_m/federation/hlc.py,0,2,3
node.py,module,,context_m/federation/node.py,2,4,114
FederationNode,class,node.py,context_m/federation/node.py,10,1,108
sign_envelope,function,node.py,context_m/federation/node.py,1,3,2
_,function,node.py,context_m/federation/node.py,0,0,0
_canonical_env,function,node.py,context_m/federation/node.py,0,1,2
FederationError,class,node.py,context_m/federation/node.py,1,5,2
crdt.py,module,,context_m/federation/crdt.py,1,3,219
_,function,crdt.py,context_m/federation/crdt.py,1,0,0
stamp_sort_key,function,crdt.py,context_m/federation/crdt.py,1,0,3
FederationState,class,crdt.py,context_m/federation/crdt.py,4,1,189
fact_key,function,crdt.py,context_m/federation/crdt.py,0,1,8
FactVersion,class,crdt.py,context_m/federation/crdt.py,0,3,15
BucketStat,class,crdt.py,context_m/federation/crdt.py,0,1,4
Exception,external,,,0,3,0
Protocol,external,,,0,2,0
RuntimeError,external,,,0,1,0
PermissionError,external,,,0,1,0
str,external,,,0,1,0
Enum,external,,,0,1,0
